site,habitat,order_num,order,abu,rep,date,notes,Site Code,Sample  weight (g),Replication (Rep out of 3),Date,Priority
HH01,wetland,1,hymenoptera = 1,,1,,,HH01,0.57,1,,
HH01,wetland,2,orthoptera = 2,,1,,,,,,,
HH01,wetland,3,coleoptera = 3,,1,,,,,,,
HH01,wetland,4,areinada = 4,,1,,,,,,,
HH01,wetland,5,lepidoptera = 5,,1,,,,,,,
HH01,wetland,6,dipteran,,1,,,,,,,
HH01,wetland,7,odonata = 7,,1,,,,,,,
HH01,wetland,8,mantodea = 8,,1,,,,,,,
HH01,wetland,9,phasmotodea = 9,,1,,,,,,,
HH01,wetland,10,hemiptera = 10,,1,,,,,,,
HH01,wetland,11,Archeria = 11,,1,,,,,,,
HH01,wetland,12,Oppliones = 12,,1,,,,,,,
HH01,wetland,13,UnID = 13,,1,,,,,,,
HH01,wetland,1,hymenoptera = 1,,2,6/13/2023,check that this is truely rep 2,HH01,0.75,1,,med
HH01,wetland,2,orthoptera = 2,4,2,6/13/2023,check that this is truely rep 3,HH01,,1,,
HH01,wetland,3,coleoptera = 3,77,2,6/13/2023,check that this is truely rep 4,HH01,,1,,
HH01,wetland,4,areinada = 4,4,2,6/13/2023,check that this is truely rep 5,HH01,,1,,
HH01,wetland,5,lepidoptera = 5,1,2,6/13/2023,check that this is truely rep 6,HH01,,1,,
HH01,wetland,6,dipteran,6,2,6/13/2023,check that this is truely rep 7,HH01,,1,,
HH01,wetland,7,odonata = 7,,2,6/13/2023,check that this is truely rep 8,HH01,,1,,
HH01,wetland,8,mantodea = 8,2,2,6/13/2023,check that this is truely rep 9,HH01,,1,,
HH01,wetland,9,phasmotodea = 9,,2,6/13/2023,check that this is truely rep 10,HH01,,1,,
HH01,wetland,10,hemiptera = 10,4,2,6/13/2023,check that this is truely rep 11,HH01,,1,,
HH01,wetland,11,Archeria = 11,1,2,6/13/2023,check that this is truely rep 12,HH01,,1,,
HH01,wetland,12,Oppliones = 12,,2,6/13/2023,check that this is truely rep 13,HH01,,1,,
HH01,wetland,13,UnID = 13,2,2,6/13/2023,check that this is truely rep 14,HH01,,1,,
HH01,wetland,14,polydesmida = 14,3,2,6/13/2023,check that this is truely rep 15,HH01,,,,
HH02,wetland,1,hymenoptera = 1,,1,,,HH01,,2,,None
HH02,wetland,2,orthoptera = 2,,1,,not ID,HH01,,3,,None
HH02,wetland,3,coleoptera = 3,,1,,not ID,HH02,1.11,1,,None
HH02,wetland,4,areinada = 4,,1,,not ID,HH02,0.57,2,,None
HH02,wetland,5,lepidoptera = 5,,1,,not ID,HH02,,3,,None
HH02,wetland,6,dipteran,,1,,not ID,HH04,,1,,None
HH02,wetland,7,odonata = 7,,1,,not ID,HH04,,2,,None
HH02,wetland,8,mantodea = 8,,1,,not ID,HH04,,3,,None
HH02,wetland,9,phasmotodea = 9,,1,,not ID,HH05,,1,,None
HH02,wetland,10,hemoptera = 10,,1,,not ID,HH05,,2,,None
HH02,wetland,11,Archeria = 11,,1,,not ID,HH05,,3,,None
HH02,wetland,12,Oppliones = 12,,1,,not ID,HH07,0.33,1,,None
HH02,wetland,13,UnID = 13,,1,,not ID,HH07,0.55,2,,None
HH02,wetland,1,hymenoptera = 1,2,2,5/25/2023,,HH07,,3,,None
HH02,wetland,2,orthoptera = 2,4,2,5/25/2023,,HH13,0.42,1,,None
HH02,wetland,3,coleoptera = 3,7,2,5/25/2023,,HH13,,2,,None
HH02,wetland,4,areinada = 4,11,2,5/25/2023,,HH13,,3,,None
HH02,wetland,5,lepidoptera = 5,3,2,5/25/2023,,HH14,,1,,None
HH02,wetland,6,dipteran,16,2,5/25/2023,,HH14,,2,,None
HH02,wetland,7,odonata = 7,,2,5/25/2023,,HH14,,3,,None
HH02,wetland,8,mantodea = 8,,2,5/25/2023,,HH17,,1,,None
HH02,wetland,9,phasmotodea = 9,2,2,5/25/2023,,HH17,0.95,2,,None
HH02,wetland,10,hemiptera = 10,,2,5/25/2023,,HH17,,3,,None
HH02,wetland,11,Archeria = 11,,2,5/25/2023,,HH22,,1,,None
HH02,wetland,12,Oppliones = 12,1,2,5/25/2023,,HH22,,2,,None
HH02,wetland,13,UnID = 13,5,2,5/25/2023,,HH22,,3,,None
HH02,wetland,1,hymenoptera = 1,3,3,6/13/2023,,,,,,None
HH02,wetland,2,orthoptera = 2,4,3,6/13/2023,,,,,,None
HH02,wetland,3,coleoptera = 3,13,3,6/13/2023,,,,,,None
HH02,wetland,4,areinada = 4,12,3,6/13/2023,,,,,,None
HH02,wetland,5,lepidoptera = 5,,3,6/13/2023,,,,,,None
HH02,wetland,6,dipteran,3,3,6/13/2023,,,,,,None
HH02,wetland,7,odonata = 7,,3,6/13/2023,,,,,,None
HH02,wetland,8,mantodea = 8,,3,6/13/2023,,,,,,None
HH02,wetland,9,phasmotodea = 9,3,3,6/13/2023,,,,,,None
HH02,wetland,10,hemiptera = 10,9,3,6/13/2023,,,,,,None
HH02,wetland,11,Archeria = 11,,3,6/13/2023,,,,,,None
HH02,wetland,12,Oppliones = 12,1,3,6/13/2023,,,,,,None
HH02,wetland,13,UnID = 13,7,3,6/13/2023,,,,,,
HH02,wetland,14,polydesmida = 14,3,3,6/13/2023,,,,,,
HH04,wetland,1,hymenoptera = 1,,1,5/25/2023,,HH30,,,,Medium
HH04,wetland,2,orthoptera = 2,2,1,5/25/2023,,HH30,,,,Medium
HH04,wetland,3,coleoptera = 3,55,1,5/25/2023,,HH30,,,,Medium
HH04,wetland,4,areinada = 4,15,1,5/25/2023,,HH31,1.23,1,,Medium
HH04,wetland,5,lepidoptera = 5,4,1,5/25/2023,,HH31,,,,Medium
HH04,wetland,6,dipteran,39,1,5/25/2023,,HH31,,,,Medium
HH04,wetland,7,odonata = 7,1,1,5/25/2023,,HH33,0.1,1,,Medium
HH04,wetland,8,mantodea = 8,,1,5/25/2023,,HH33,,,,Medium
HH04,wetland,9,phasmotodea = 9,,1,5/25/2023,,HH33,,,,Medium
HH04,wetland,10,Hemiptera = 10,,1,5/25/2023,,HH34,,,,Medium
HH04,wetland,11,Archeria = 11,,1,5/25/2023,,HH34,,,,Medium
HH04,wetland,12,Oppliones = 12,1,1,5/25/2023,,HH34,,,,Medium
HH04,wetland,13,UnID = 13,10,1,5/25/2023,,HH34r,,,,Medium
HH04,wetland,1,hymenoptera = 1,5,2,6/16/2023,,,,,,
HH04,wetland,2,orthoptera = 2,6,2,6/16/2023,,,,,,
HH04,wetland,3,coleoptera = 3,17,2,6/16/2023,,,,,,
HH04,wetland,4,areinada = 4,13,2,6/16/2023,,,,,,
HH04,wetland,5,lepidoptera = 5,1,2,6/16/2023,,,,,,
HH04,wetland,6,dipteran,7,2,6/16/2023,,,,,,
HH04,wetland,7,odonata = 7,,2,6/16/2023,,,,,,
HH04,wetland,8,mantodea = 8,,2,6/16/2023,,,,,,
HH04,wetland,9,phasmotodea = 9,,2,6/16/2023,,,,,,
HH04,wetland,10,Hemiptera = 10,6,2,6/16/2023,,,,,,
HH04,wetland,11,Archeria = 11,,2,6/16/2023,,,,,,
HH04,wetland,12,Oppliones = 12,,2,6/16/2023,,,,,,
HH04,wetland,13,UnID = 13,44,2,6/16/2023,,,,,,
HH05,wetland,1,hymenoptera = 1,16,1,5/25/2023,,HH34r,,,,medium
HH05,wetland,2,orthoptera = 2,11,1,5/25/2023,,,,,,
HH05,wetland,3,coleoptera = 3,6,1,5/25/2023,,,,,,
HH05,wetland,4,areinada = 4,19,1,5/25/2023,,,,,,
HH05,wetland,5,lepidoptera = 5,0,1,5/25/2023,,,,,,
HH05,wetland,6,dipteran,12,1,5/25/2023,,,,,,
HH05,wetland,7,odonata = 7,1,1,5/25/2023,,,,,,
HH05,wetland,8,mantodea = 8,1,1,5/25/2023,,,,,,
HH05,wetland,9,phasmotodea = 9,0,1,5/25/2023,,,,,,
HH05,wetland,10,hemiptera = 10,15,1,5/25/2023,,,,,,
HH05,wetland,11,Archeria = 11,1,1,5/25/2023,,,,,,
HH05,wetland,12,Oppliones = 12,3,1,5/25/2023,,,,,,
HH05,wetland,13,UnID = 13,1,1,5/25/2023,,,,,,
HH05,wetland,1,hymenoptera = 1,2,2,6/16/2023,,,,,,
HH05,wetland,2,orthoptera = 2,4,2,6/16/2023,,,,,,
HH05,wetland,3,coleoptera = 3,7,2,6/16/2023,,,,,,
HH05,wetland,4,areinada = 4,13,2,6/16/2023,,,,,,
HH05,wetland,5,lepidoptera = 5,,2,6/16/2023,,,,,,
HH05,wetland,6,dipteran,10,2,6/16/2023,,,,,,
HH05,wetland,7,odonata = 7,,2,6/16/2023,,,,,,
HH05,wetland,8,mantodea = 8,2,2,6/16/2023,,,,,,
HH05,wetland,9,phasmotodea = 9,,2,6/16/2023,,,,,,
HH05,wetland,10,hemiptera = 10,3,2,6/16/2023,,,,,,
HH05,wetland,11,Archeria = 11,,2,6/16/2023,,,,,,
HH05,wetland,12,Oppliones = 12,1,2,6/16/2023,,,,,,
HH05,wetland,13,UnID = 13,9,2,6/16/2023,,,,,,
HH07,wetland,1,hymenoptera = 1,13,1,5/25/2023,,HH43,,,,Medium
HH07,wetland,2,orthoptera = 2,1,1,5/25/2023,,HH43,,,,Medium
HH07,wetland,3,coleoptera = 3,43,1,5/25/2023,,HH43,,,,Medium
HH07,wetland,4,areinada = 4,20,1,5/25/2023,,HH45,,,,Medium
HH07,wetland,5,lepidoptera = 5,1,1,5/25/2023,,HH45,,,,Medium
HH07,wetland,6,dipteran,20,1,5/25/2023,,HH45,,,,Medium
HH07,wetland,7,odonata = 7,,1,5/25/2023,,HH46,0.14,1,,Medium
HH07,wetland,8,mantodea = 8,,1,5/25/2023,,HH46,,,,Medium
HH07,wetland,9,phasmotodea = 9,,1,5/25/2023,,,,,,Medium
HH07,wetland,10,Hemiptera = 10,,1,5/25/2023,,,,,,Medium
HH07,wetland,11,Archeria = 11,,1,5/25/2023,,,,,,Medium
HH07,wetland,12,Oppliones = 12,,1,5/25/2023,,HH07,0.25,1,,Medium
HH07,wetland,13,UnID = 13,8,1,5/25/2023,,,,,,Medium
HH07,wetland,1,hymenoptera = 1,2,2,6/26/2023,Believed to be hho07 R2 but sample bag appears to be marked HH09 which does not exist ,,,,,
HH07,wetland,2,orthoptera = 2,3,2,6/26/2023,,,,,,
HH07,wetland,3,coleoptera = 3,2,2,6/26/2023,,,,,,
HH07,wetland,4,areinada = 4,9,2,6/26/2023,,,,,,
HH07,wetland,5,lepidoptera = 5,,2,6/26/2023,,,,,,
HH07,wetland,6,dipteran,5,2,6/26/2023,,,,,,
HH07,wetland,7,odonata = 7,,2,6/26/2023,,,,,,
HH07,wetland,8,mantodea = 8,1,2,6/26/2023,,,,,,
HH07,wetland,9,phasmotodea = 9,,2,6/26/2023,,,,,,
HH07,wetland,10,Hemiptera = 10,30,2,6/26/2023,,,,,,
HH07,wetland,11,Archeria = 11,1,2,6/26/2023,,,,,,
HH07,wetland,12,Oppliones = 12,,2,6/26/2023,,,,,,
HH07,wetland,13,UnID = 13,,2,6/26/2023,Not listed,,,,,High
HH13,wetland,1,hymenoptera = 1,4,2,6/13/2023,,HH46,,,,Medium
HH13,wetland,2,orthoptera = 2,3,2,6/13/2023,,HH48,0.26,1,,Medium
HH13,wetland,3,coleoptera = 3,3,2,6/13/2023,,HH48,,,,Medium
HH13,wetland,4,areinada = 4,12,2,6/13/2023,,HH48,,,,Medium
HH13,wetland,5,lepidoptera = 5,,2,6/13/2023,,HH49,0.73,1,,Medium
HH13,wetland,6,dipteran,8,2,6/13/2023,,HH49,,,,Medium
HH13,wetland,7,odonata = 7,4,2,6/13/2023,,HH49,,,,Medium
HH13,wetland,8,mantodea = 8,,2,6/13/2023,,HH50,0.51,1,,Medium
HH13,wetland,9,phasmotodea = 9,,2,6/13/2023,,HH50,,,,Medium
HH13,wetland,10,Hemiptera = 10,2,2,6/13/2023,,HH50,,,,Medium
HH13,wetland,11,Archeria = 11,,2,6/13/2023,,UP01a,0.53,1,,Medium
HH13,wetland,12,Oppliones = 12,,2,6/13/2023,,UP01a,,,,Medium
HH14,wetland,1,hymenoptera = 1,1,1,,,UP01a,,,,Low
HH14,wetland,2,orthoptera = 2,,1,,,UP02,3.48,1,,Low
HH14,wetland,3,coleoptera = 3,2,1,,,UP02,,,,Low
HH14,wetland,4,areinada = 4,5,1,,,UP02,,,,Low
HH14,wetland,5,lepidoptera = 5,,1,,,UP03,1.48,1,,Low
HH14,wetland,6,dipteran = 6,,1,,,UP03,,,,Low
HH14,wetland,7,odonata = 7,,1,,,UP03,,,,Low
HH14,wetland,8,mantodea = 8,,1,,,UP03a,0.78,1,,Low
HH14,wetland,9,phasmotodea = 9,,1,,,UP03a,,,,Low
HH14,wetland,10,Hemiptera = 10,1,1,,,UP03a,,,,Low
HH14,wetland,11,Archeria = 11,,1,,,UP04,0.59,1,,Low
HH14,wetland,12,Oppliones = 12,,1,,,UP04,,,,Low
HH14,wetland,13,UnID,2,1,,,UP04,,,,Low
HH14,wetland,1,hymenoptera = 1,3,2,6/14/2023,,,,,,Low
HH14,wetland,2,orthoptera = 2,8,2,6/14/2023,,,,,,Low
HH14,wetland,3,coleoptera = 3,47,2,6/14/2023,,,,,,Low
HH14,wetland,4,areinada = 4,36,2,6/14/2023,,,,,,Low
HH14,wetland,5,lepidoptera = 5,1,2,6/14/2023,,,,,,Low
HH14,wetland,6,dipteran = 6,25,2,6/14/2023,,,,,,Low
HH14,wetland,7,odonata = 7,10,2,6/14/2023,,,,,,Low
HH14,wetland,8,mantodea = 8,,2,6/14/2023,,,,,,Low
HH14,wetland,9,phasmotodea = 9,,2,6/14/2023,,,,,,Low
HH14,wetland,10,Hemiptera = 10,6,2,6/14/2023,,,,,,Low
HH14,wetland,11,Archeria = 11,,2,6/14/2023,,,,,,Low
HH14,wetland,12,Oppliones = 12,2,2,6/14/2023,,,,,,Low
HH14,wetland,13,UnID,,2,6/14/2023,,,,,,Low
HH17,wetland,1,hymenoptera = 1,1,1,,,UP05(a),0.89,1,,Low
HH17,wetland,2,orthoptera = 2,1,1,,,UP05(a),0.72,2,,Low
HH17,wetland,3,coleoptera = 3,,1,,,UP05(a),,,,Low
HH17,wetland,4,areinada = 4,2,1,,,UP7a,0.77,1,,Low
HH17,wetland,5,lepidoptera = 5,,1,,,UP7a,1.13,2,,Low
HH17,wetland,6,dipteran = 6,7,1,,,UP7a,,,,Low
HH17,wetland,7,odonata = 7,1,1,,,UP31a,1.11,1,,Low
HH17,wetland,8,mantodea = 8,1,1,,,UP33a,,,,Low
HH17,wetland,9,phasmotodea = 9,,1,,,UP43a,,,,Low
HH17,wetland,10,Hemiptera = 10,,1,,,UP43a,,,,Low
HH17,wetland,11,Archeria = 11,,1,,,UP43a,,,,Low
HH17,wetland,12,Oppliones = 12,,1,,,UP46a,0.5,1,,Low
HH17,wetland,13,UnID,,1,,,UP46a,1.19,2,,Low
HH17,wetland,1,hymenoptera = 1,5,2,6/13/2023,,UP46a,,,,Low
HH17,wetland,2,orthoptera = 2,1,2,6/13/2023,,UP48a,2.7,1,,Low
HH17,wetland,3,coleoptera = 3,44,2,6/13/2023,,UP48a,,,,Low
HH17,wetland,4,areinada = 4,13,2,6/13/2023,,UP48a,,,,Low
HH17,wetland,5,lepidoptera = 5,,2,6/13/2023,,UP50a,2.7,1,,Low
HH17,wetland,6,dipteran,11,2,6/13/2023,,UP50a,,,,Low
HH17,wetland,7,odonata = 7,6,2,6/13/2023,,UP50a,,,,Low
HH17,wetland,8,mantodea = 8,1,2,6/13/2023,,,,,,Low
HH17,wetland,9,phasmotodea = 9,,2,6/13/2023,,,,,,Low
HH17,wetland,10,Hemiptera = 10,8,2,6/13/2023,,,,,,Low
HH17,wetland,11,Archeria = 11,,2,6/13/2023,,,,,,Low
HH17,wetland,12,Oppliones = 12,2,2,6/13/2023,,,,,,Low
HH17,wetland,13,UnID = 13,4,2,6/13/2023,,,,,,Low
HH22,wetland,1,hymenoptera = 1,5,1,,,,,,,Medium
HH22,wetland,2,orthoptera = 2,5,1,,,,,,,Medium
HH22,wetland,3,coleoptera = 3,7,1,,,,,,,Medium
HH22,wetland,4,areinada = 4,,1,,,,,,,Medium
HH22,wetland,5,lepidoptera = 5,,1,,,,,,,Medium
HH22,wetland,6,dipteran,5,1,,,,,,,Medium
HH22,wetland,7,odonata = 7,2,1,,,,,,,Medium
HH22,wetland,8,mantodea = 8,,1,,,,,,,Medium
HH22,wetland,9,phasmotodea = 9,,1,,,,,,,Medium
HH22,wetland,10,hemiptera = 10,,1,,,,,,,Medium
HH22,wetland,11,Archeria = 11,,1,,,,,,,Medium
HH22,wetland,12,Oppliones = 12,3,1,,,,,,,Medium
HH22,wetland,13,UnID = 13,2,1,,,,,,,Medium
HH30,wetland,1,hymenoptera = 1,,1,,,,,,,Low
HH30,wetland,2,orthoptera = 2,,1,,,,,,,Low
HH30,wetland,3,coleoptera = 3,2,1,,,,,,,Low
HH30,wetland,4,areinada = 4,7,1,,,,,,,Low
HH30,wetland,5,lepidoptera = 5,,1,,,,,,,Low
HH30,wetland,6,dipteran,14,1,,,,,,,Low
HH30,wetland,7,odonata = 7,,1,,,,,,,Low
HH30,wetland,8,mantodea = 8,,1,,,,,,,Low
HH30,wetland,9,phasmotodea = 9,,1,,,,,,,Low
HH30,wetland,10,hemiptera = 10,,1,,,,,,,Low
HH30,wetland,11,Archeria = 11,,1,,,,,,,Low
HH30,wetland,12,Oppliones = 12,,1,,,,,,,Low
HH30,wetland,13,UnID = 13,,1,,,,,,,Low
HH30,wetland,1,hymenoptera = 1,4,2,6/14/2023,,,,,,Low
HH30,wetland,2,orthoptera = 2,2,2,6/14/2023,,,,,,Low
HH30,wetland,3,coleoptera = 3,14,2,6/14/2023,,,,,,Low
HH30,wetland,4,areinada = 4,4,2,6/14/2023,,,,,,Low
HH30,wetland,5,lepidoptera = 5,1,2,6/14/2023,,,,,,Low
HH30,wetland,6,dipteran,7,2,6/14/2023,,,,,,Low
HH30,wetland,7,odonata = 7,,2,6/14/2023,,,,,,Low
HH30,wetland,8,mantodea = 8,,2,6/14/2023,,,,,,Low
HH30,wetland,9,phasmotodea = 9,,2,6/14/2023,,,,,,Low
HH30,wetland,10,hemiptera = 10,2,2,6/14/2023,,,,,,Low
HH30,wetland,11,Archeria = 11,,2,6/14/2023,,,,,,Low
HH30,wetland,12,Oppliones = 12,,2,6/14/2023,,,,,,Low
HH30,wetland,13,UnID = 13,6,2,6/14/2023,,,,,,Low
hh31,wetland,1,hymenoptera = 1,,1,5/30/2023,,,,,,Low
HH31,wetland,2,orthoptera = 2,,1,5/30/2023,,,,,,Low
HH31,wetland,3,coleoptera = 3,,1,5/30/2023,,,,,,Low
HH31,wetland,4,areinada = 4,,1,5/30/2023,,,,,,Low
HH31,wetland,5,lepidoptera = 5,,1,5/30/2023,,,,,,Low
HH31,wetland,6,dipteran,,1,5/30/2023,,,,,,Low
HH31,wetland,7,odonata = 7,,1,5/30/2023,,,,,,Low
HH31,wetland,8,mantodea = 8,,1,5/30/2023,,,,,,Low
HH31,wetland,9,phasmotodea = 9,,1,5/30/2023,,,,,,Low
HH31,wetland,10,hemiptera = 10,,1,5/30/2023,,,,,,Low
HH31,wetland,11,Archeria = 11,,1,5/30/2023,,,,,,Low
HH31,wetland,12,Oppliones = 12,,1,5/30/2023,,,,,,Low
HH31,wetland,13,UNID= 13,,1,5/30/2023,,,,,,
HH31,wetland,1,hymenoptera = 1,3,2,6/14/2023,,,,,,Low
HH31,wetland,2,orthoptera = 2,4,2,6/14/2023,,,,,,Low
HH31,wetland,3,coleoptera = 3,14,2,6/14/2023,,,,,,Low
HH31,wetland,4,areinada = 4,16,2,6/14/2023,,,,,,Low
HH31,wetland,5,lepidoptera = 5,1,2,6/14/2023,,,,,,Low
HH31,wetland,6,dipteran,5,2,6/14/2023,,,,,,Low
HH31,wetland,7,odonata = 7,,2,6/14/2023,,,,,,Low
HH31,wetland,8,mantodea = 8,,2,6/14/2023,,,,,,Low
HH31,wetland,9,phasmotodea = 9,,2,6/14/2023,,,,,,Low
HH31,wetland,10,hemiptera = 10,3,2,6/14/2023,,,,,,Low
HH31,wetland,11,Archeria = 11,1,2,6/14/2023,,,,,,Low
HH31,wetland,12,Oppliones = 12,1,2,6/14/2023,,,,,,Low
HH31,wetland,13,UnID = 13,2,2,6/14/2023,,,,,,Low
HH33,wetland,1,hymenoptera = 1,,1,5/30/2023,not listed,,,,,
HH33,wetland,2,orthoptera = 2,,1,5/30/2023,not listed,,,,,
HH33,wetland,3,coleoptera = 3,,1,5/30/2023,not listed,,,,,
HH33,wetland,4,areinada = 4,,1,5/30/2023,not listed,,,,,
HH33,wetland,5,lepidoptera = 5,,1,5/30/2023,not listed,,,,,
HH33,wetland,6,dipteran,,1,5/30/2023,not listed,,,,,
HH33,wetland,7,odonata = 7,,1,5/30/2023,not listed,,,,,
HH33,wetland,8,mantodea = 8,,1,5/30/2023,not listed,,,,,
HH33,wetland,9,phasmotodea = 9,,1,5/30/2023,not listed,,,,,
HH33,wetland,10,hemiptera = 10,,1,5/30/2023,not listed,,,,,
HH33,wetland,11,Archeria = 11,,1,5/30/2023,not listed,,,,,
HH33,wetland,12,Oppliones = 12,,1,5/30/2023,not listed,,,,,
HH33,wetland,13,UnID = 13,,1,5/30/2023,not listed,,,,,
HH33,wetland,1,hymenoptera = 1,,2,,,,,,,Low
HH33,wetland,2,orthoptera = 2,,2,,,,,,,Low
HH33,wetland,3,coleoptera = 3,,2,,,,,,,Low
HH33,wetland,4,areinada = 4,,2,,,,,,,Low
HH33,wetland,5,lepidoptera = 5,,2,,,,,,,Low
HH33,wetland,6,dipteran,,2,,,,,,,Low
HH33,wetland,7,odonata = 7,,2,,,,,,,Low
HH33,wetland,8,mantodea = 8,,2,,,,,,,Low
HH33,wetland,9,phasmotodea = 9,,2,,,,,,,Low
HH33,wetland,10,hemiptera = 10,,2,,,,,,,Low
HH33,wetland,11,Archeria = 11,,2,,,,,,,Low
HH33,wetland,12,Oppliones = 12,,2,,,,,,,Low
HH33,wetland,13,UnID = 13,,2,,,,,,,Low
HH33,wetland,1,hymenoptera = 1,15,2,6/14/2023,,,,,,Low
HH33,wetland,2,orthoptera = 2,7,2,6/14/2023,,,,,,Low
HH33,wetland,3,coleoptera = 3,19,2,6/14/2023,,,,,,Low
HH33,wetland,4,areinada = 4,11,2,6/14/2023,,,,,,Low
HH33,wetland,5,lepidoptera = 5,,2,6/14/2023,,,,,,Low
HH33,wetland,6,dipteran,12,2,6/14/2023,,,,,,Low
HH33,wetland,7,odonata = 7,1,2,6/14/2023,,,,,,Low
HH33,wetland,8,mantodea = 8,,2,6/14/2023,,,,,,Low
HH33,wetland,9,phasmotodea = 9,,2,6/14/2023,,,,,,Low
HH33,wetland,10,hemiptera = 10,2,2,6/14/2023,,,,,,Low
HH33,wetland,11,Archeria = 11,,2,6/14/2023,,,,,,Low
HH33,wetland,12,Oppliones = 12,1,2,6/14/2023,,,,,,Low
HH33,wetland,13,UnID = 13,2,2,6/14/2023,,,,,,Low
HH34,wetland,1,hymenoptera = 1,,1,5/30/2023,Not listed/weighed,,,,,Low
HH34,wetland,2,orthoptera = 2,,1,5/30/2023,Not listed,,,,,Low
HH34,wetland,3,coleoptera = 3,,1,5/30/2023,Not listed,,,,,Low
HH34,wetland,4,areinada = 4,,1,5/30/2023,Not listed,,,,,Low
HH34,wetland,5,lepidoptera = 5,,1,5/30/2023,Not listed,,,,,Low
HH34,wetland,6,dipteran,,1,5/30/2023,Not listed,,,,,Low
HH34,wetland,7,odonata = 7,,1,5/30/2023,Not listed,,,,,Low
HH34,wetland,8,mantodea = 8,,1,5/30/2023,Not listed,,,,,Low
HH34,wetland,9,phasmotodea = 9,,1,5/30/2023,Not listed,,,,,Low
HH34,wetland,10,hemiptera = 10,,1,5/30/2023,Not listed,,,,,Low
HH34,wetland,11,Archeria = 11,,1,5/30/2023,Not listed,,,,,Low
HH34,wetland,12,Oppliones = 12,,1,5/30/2023,Not listed,,,,,Low
HH34,wetland,13,UnID = 13,,1,5/30/2023,Not listed,,,,,Low
HH34,wetland,1,hymenoptera = 1,1,2,6/13/2023,,,,,,Low
HH34,wetland,2,orthoptera = 2,2,2,6/13/2023,,,,,,Low
HH34,wetland,3,coleoptera = 3,4,2,6/13/2023,,,,,,Low
HH34,wetland,4,areinada = 4,11,2,6/13/2023,,,,,,Low
HH34,wetland,5,lepidoptera = 5,,2,6/13/2023,,,,,,Low
HH34,wetland,6,dipteran,25,2,6/13/2023,,,,,,Low
HH34,wetland,7,odonata = 7,3,2,6/13/2023,,,,,,Low
HH34,wetland,8,mantodea = 8,3,2,6/13/2023,,,,,,Low
HH34,wetland,9,phasmotodea = 9,,2,6/13/2023,,,,,,Low
HH34,wetland,10,hemiptera = 10,6,2,6/13/2023,,,,,,Low
HH34,wetland,11,Archeria = 11,,2,6/13/2023,,,,,,Low
HH34,wetland,12,Oppliones = 12,,2,6/13/2023,,,,,,Low
HH34,wetland,13,UnID = 13,7,2,6/13/2023,,,,,,Low
HH34r,wetland,1,hymenoptera = 1,,1,,,,,,,
HH34r,wetland,2,orthoptera = 2,,1,,,,,,,High
HH34r,wetland,3,coleoptera = 3,,1,,,,,,,High
HH34r,wetland,4,areinada = 4,,1,,,,,,,High
HH34r,wetland,5,lepidoptera = 5,,1,,,,,,,High
HH34r,wetland,6,dipteran,,1,,,,,,,High
HH34r,wetland,7,odonata = 7,,1,,,,,,,High
HH34r,wetland,8,mantodea = 8,,1,,,,,,,High
HH34r,wetland,9,phasmotodea = 9,,1,,,,,,,High
HH34r,wetland,10,hemiptera = 10,,1,,,,,,,High
HH34r,wetland,11,Archeria = 11,,1,,,,,,,High
HH34r,wetland,12,Oppliones = 12,,1,,,,,,,High
HH34r,wetland,13,UnID = 13,,1,,,,,,,High
HH34r,wetland,1,hymenoptera = 1,1,2,,,,,,,
HH34r,wetland,2,orthoptera = 2,3,2,,,,,,,
HH34r,wetland,3,coleoptera = 3,4,2,,,,,,,
HH34r,wetland,4,areinada = 4,6,2,,,,,,,
HH34r,wetland,5,lepidoptera = 5,0,2,,,,,,,
HH34r,wetland,6,dipteran,4,2,,,,,,,
HH34r,wetland,7,odonata = 7,1,2,,,,,,,
HH34r,wetland,8,mantodea = 8,0,2,,,,,,,
HH34r,wetland,9,phasmotodea = 9,0,2,,,,,,,
HH34r,wetland,10,hemiptera = 10,3,2,,,,,,,
HH34r,wetland,11,Archeria = 11,1,2,,,,,,,
HH34r,wetland,12,Oppliones = 12,2,2,,,,,,,
HH34r,#REF!,13,UnID = 13,4,2,,,,,,,
HH43,wetland,1,hymenoptera = 1,1,1,,,,,,,Medium
HH43,wetland,2,orthoptera = 2,4,1,,,,,,,Medium
HH43,wetland,3,coleoptera = 3,7,1,,,,,,,Medium
HH43,wetland,4,areinada = 4,10,1,,,,,,,Medium
HH43,wetland,5,lepidoptera = 5,,1,,,,,,,Medium
HH43,wetland,6,dipteran,20,1,,,,,,,Medium
HH43,wetland,7,odonata = 7,,1,,,,,,,Medium
HH43,wetland,8,mantodea = 8,1,1,,,,,,,Medium
HH43,wetland,9,phasmotodea = 9,,1,,,,,,,Medium
HH43,wetland,10,hemiptera = 10,,1,,,,,,,Medium
HH43,wetland,11,Archeria = 11,,1,,,,,,,Medium
HH43,wetland,12,Oppliones = 12,,1,,,,,,,Medium
HH43,wetland,13,UnID = 13,,1,,,,,,,Medium
HH45,wetland,1,hymenoptera = 1,6,1,,,,,,,Low
HH45,wetland,2,orthoptera = 2,3,1,,,,,,,Low
HH45,wetland,3,coleoptera = 3,1,1,,,,,,,Low
HH45,wetland,4,areinada = 4,12,1,,,,,,,Low
HH45,wetland,5,lepidoptera = 5,3,1,,,,,,,Low
HH45,wetland,6,dipteran,13,1,,,,,,,Low
HH45,wetland,7,odonata = 7,,1,,,,,,,Low
HH45,wetland,8,mantodea = 8,,1,,,,,,,Low
HH45,wetland,9,phasmotodea = 9,2,1,,,,,,,Low
HH45,wetland,10,hemiptera = 10,,1,,,,,,,Low
HH45,wetland,11,Archeria = 11,,1,,,,,,,Low
HH45,wetland,12,Oppliones = 12,,1,,,,,,,Low
HH45,wetland,13,UnID = 13,,1,,,,,,,Low
HH45,wetland,1,hymenoptera = 1,4,2,6/14/2023,,,,,,Low
HH45,wetland,2,orthoptera = 2,5,2,6/14/2023,,,,,,Low
HH45,wetland,3,coleoptera = 3,15,2,6/14/2023,,,,,,Low
HH45,wetland,4,areinada = 4,12,2,6/14/2023,,,,,,Low
HH45,wetland,5,lepidoptera = 5,,2,6/14/2023,,,,,,Low
HH45,wetland,6,dipteran,1,2,6/14/2023,,,,,,Low
HH45,wetland,7,odonata = 7,2,2,6/14/2023,,,,,,Low
HH45,wetland,8,mantodea = 8,,2,6/14/2023,,,,,,Low
HH45,wetland,9,phasmotodea = 9,,2,6/14/2023,,,,,,Low
HH45,wetland,10,hemiptera = 10,4,2,6/14/2023,,,,,,Low
HH45,wetland,11,Archeria = 11,,2,6/14/2023,,,,,,Low
HH45,wetland,12,Oppliones = 12,,2,6/14/2023,,,,,,Low
HH45,wetland,13,UnID = 13,6,2,6/14/2023,,,,,,Low
HH46,Wetland,1,hymenoptera = 1,,1,,,,,,,Low
HH46,wetland,2,orthoptera = 2,2,1,,,,,,,Low
HH46,wetland,3,coleoptera = 3,4,1,,,,,,,Low
HH46,wetland,4,areinada = 4,7,1,,,,,,,Low
HH46,wetland,5,lepidoptera = 5,,1,,,,,,,Low
HH46,wetland,6,dipteran,1,1,,,,,,,Low
HH46,wetland,7,odonata = 7,,1,,,,,,,Low
HH46,wetland,8,mantodea = 8,,1,,,,,,,Low
HH46,wetland,9,phasmotodea = 9,,1,,,,,,,Low
HH46,wetland,10,hemiptera = 10,,1,,,,,,,Low
HH46,wetland,11,Archeria = 11,,1,,,,,,,Low
HH46,wetland,12,Oppliones = 12,,1,,,,,,,Low
HH46,wetland,13,UnID = 13,1,1,,,,,,,Low
HH46,Wetland,1,hymenoptera = 1,5,2,5/16/2023,,,,,,Low
HH46,wetland,2,orthoptera = 2,9,2,5/16/2023,,,,,,Low
HH46,wetland,3,coleoptera = 3,42,2,5/16/2023,,,,,,Low
HH46,wetland,4,areinada = 4,22,2,5/16/2023,,,,,,Low
HH46,wetland,5,lepidoptera = 5,,2,5/16/2023,,,,,,Low
HH46,wetland,6,dipteran,2,2,5/16/2023,,,,,,Low
HH46,wetland,7,odonata = 7,2,2,5/16/2023,,,,,,Low
HH46,wetland,8,mantodea = 8,,2,5/16/2023,,,,,,Low
HH46,wetland,9,phasmotodea = 9,,2,5/16/2023,,,,,,Low
HH46,wetland,10,hemiptera = 10,2,2,5/16/2023,,,,,,Low
HH46,wetland,11,Archeria = 11,,2,5/16/2023,,,,,,Low
HH46,wetland,12,Oppliones = 12,1,2,5/16/2023,,,,,,Low
HH46,wetland,13,UnID = 13,12,2,5/16/2023,,,,,,Low
HH48,wetland,1,hymenoptera = 1,50,1,5/31/2023,,,,,,Medium
HH48,wetland,2,orthoptera = 2,,1,5/31/2023,,,,,,Medium
HH48,wetland,3,coleoptera = 3,3,1,5/31/2023,,,,,,Medium
HH48,wetland,4,areinada = 4,,1,5/31/2023,,,,,,Medium
HH48,wetland,5,lepidoptera = 5,,1,5/31/2023,,,,,,Medium
HH48,wetland,6,dipteran,9,1,5/31/2023,,,,,,Medium
HH48,wetland,7,odonata = 7,,1,5/31/2023,,,,,,Medium
HH48,wetland,8,mantodea = 8,,1,5/31/2023,,,,,,Medium
HH48,wetland,9,phasmotodea = 9,,1,5/31/2023,,,,,,Medium
HH48,wetland,10,hemiptera = 10,,1,5/31/2023,,,,,,Medium
HH48,wetland,11,Archeria = 11,,1,5/31/2023,,,,,,Medium
HH48,wetland,12,Oppliones = 12,,1,5/31/2023,,,,,,Medium
HH48,wetland,13,UnID = 13,,1,5/31/2023,,,,,,Medium
HH49,wetland,1,hymenoptera = 1,12,1,5/31/2023,,,,,,Low
HH49,wetland,2,orthoptera = 2,2,1,5/31/2023,,,,,,Low
HH49,wetland,3,coleoptera = 3,4,1,5/31/2023,,,,,,Low
HH49,wetland,4,areinada = 4,,1,5/31/2023,,,,,,Low
HH49,wetland,5,lepidoptera = 5,1,1,5/31/2023,,,,,,Low
HH49,wetland,6,dipteran,7,1,5/31/2023,,,,,,Low
HH49,wetland,7,odonata = 7,1,1,5/31/2023,,,,,,Low
HH49,wetland,8,mantodea = 8,,1,5/31/2023,,,,,,Low
HH49,wetland,9,phasmotodea = 9,,1,5/31/2023,,,,,,Low
HH49,wetland,10,hemiptera = 10,,1,5/31/2023,,,,,,Low
HH49,wetland,11,Archeria = 11,,1,5/31/2023,,,,,,Low
HH49,wetland,12,Oppliones = 12,,1,5/31/2023,,,,,,Low
HH49,#REF!,13,UnID = 13,,1,5/31/2023,,,,,,Low
HH49,wetland,1,hymenoptera = 1,3,2,6/16/2023,,,,,,Low
HH49,wetland,2,orthoptera = 2,12,2,6/16/2023,,,,,,
HH49,wetland,3,coleoptera = 3,7,2,6/16/2023,,,,,,
HH49,wetland,4,areinada = 4,12,2,6/16/2023,,,,,,
HH49,wetland,5,lepidoptera = 5,,2,6/16/2023,,,,,,
HH49,wetland,6,dipteran,7,2,6/16/2023,,,,,,
HH49,wetland,7,odonata = 7,1,2,6/16/2023,,,,,,
HH49,wetland,8,mantodea = 8,,2,6/16/2023,,,,,,
HH49,wetland,9,phasmotodea = 9,,2,6/16/2023,,,,,,
HH49,wetland,10,hemiptera = 10,7,2,6/16/2023,,,,,,
HH49,wetland,11,Archeria = 11,,2,6/16/2023,,,,,,
HH49,wetland,12,Oppliones = 12,,2,6/16/2023,,,,,,
HH49,wetland,13,UnID = 13,9,2,6/16/2023,,,,,,
HH49,upland,1,hymenoptera = 1,6,1,5/31/2023,,,,,,Medium
HH50,wetland,3,coleoptera = 3,3,1,5/31/2023,,,,,,Medium
HH50,wetland,4,areinada = 4,13,1,5/31/2023,,,,,,Medium
HH50,wetland,5,lepidoptera = 5,1,1,5/31/2023,,,,,,Medium
HH50,wetland,6,dipteran,4,1,5/31/2023,,,,,,Medium
HH50,wetland,7,odonata = 7,,1,5/31/2023,,,,,,Medium
HH50,wetland,8,mantodea = 8,,1,5/31/2023,,,,,,Medium
HH50,wetland,9,phasmotodea = 9,,1,5/31/2023,,,,,,Medium
HH50,wetland,10,hemiptera = 10,,1,5/31/2023,,,,,,Medium
HH50,wetland,11,Archeria = 11,1,1,5/31/2023,,,,,,Medium
HH50,wetland,12,Oppliones = 12,1,1,5/31/2023,,,,,,Medium
HH50,upland,13,UnID = 13,,1,5/31/2023,,,,,,Medium
UP01,Upland,1,hymenoptera = 1,,1,,Not listed,,,,,
UP01,Upland,3,coleoptera = 3,,1,,Not listed,,,,,
UP01,Upland,4,areinada = 4,,1,,,,,,,
UP01,Upland,5,lepidoptera = 5,,1,,,,,,,
UP01,Upland,6,dipteran,,1,,,,,,,
UP01,Upland,7,odonata = 7,,1,,,,,,,
UP01,Upland,8,mantodea = 8,,1,,,,,,,
UP01,Upland,9,phasmotodea = 9,,1,,,,,,,
UP01,Upland,10,hemiptera = 10,,1,,,,,,,
UP01,Upland,11,Archeria = 11,,1,,,,,,,
UP01,Upland,12,Oppliones = 12,,1,,,,,,,
UP01,Upland,13,UnID = 13,,1,,,,,,,
UP01,Upland,1,hymenoptera = 1,4,2,6/13/2023,,UP01,0.55,2,,medium
UP01,Upland,2,orthoptera = 2,4,2,6/13/2023,,,,,,medium
UP01,Upland,3,coleoptera = 3,22,2,6/13/2023,,,,,,medium
UP01,Upland,4,areinada = 4,16,2,6/13/2023,,,,,,medium
UP01,Upland,5,lepidoptera = 5,,2,6/13/2023,,,,,,medium
UP01,Upland,6,dipteran,12,2,6/13/2023,,,,,,medium
UP01,Upland,7,odonata = 7,4,2,6/13/2023,,,,,,medium
UP01,Upland,8,mantodea = 8,,2,6/13/2023,,,,,,medium
UP01,Upland,9,phasmotodea = 9,,2,6/13/2023,,,,,,medium
UP01,Upland,10,hemiptera = 10,16,2,6/13/2023,,,,, ,medium
UP01,Upland,11,Archeria = 11,1,2,6/13/2023,,,,,,medium
UP01,Upland,12,Oppliones = 12,,2,6/13/2023,,,,,,medium
UP01,Upland,13,UnID = 13,12,2,6/13/2023,,,,,,medium
UP01a,upland,1,hymenoptera = 1,,1,6/1/2023,Not listed/weighed,,,,,High
UP01a,upland,2,orthoptera = 2,,1,6/1/2023,Not listed,,,,,High
UP01a,upland,3,coleoptera = 3,,1,6/1/2023,Not listed,,,,,High
UP01a,upland,4,areinada = 4,,1,6/1/2023,Not listed,,,,,High
UP01a,upland,5,lepidoptera = 5,,1,6/1/2023,Not listed,,,,,High
UP01a,upland,6,dipteran,,1,6/1/2023,Not listed,,,,,High
UP01a,upland,7,odonata = 7,,1,6/1/2023,Not listed,,,,,High
UP01a,upland,8,mantodea = 8,,1,6/1/2023,Not listed,,,,,High
UP01a,upland,9,phasmotodea = 9,,1,6/1/2023,Not listed,,,,,High
UP01a,upland,10,hemiptera = 10,,1,6/1/2023,Not listed,,,,,High
UP01a,upland,11,Archeria = 11,,1,6/1/2023,Not listed,,,,,High
UP01a,upland,12,Oppliones = 12,,1,6/1/2023,Not listed,,,,,High
UP01a,upland,13,UnID = 13,,1,6/1/2023,Not listed,,,,,High
UP01a,upland,1,hymenoptera = 1,1,2,7/10/2023,,UP01a,0.58,2,,High
UP01a,upland,2,orthoptera = 2,4,2,7/10/2023,,,,,,High
UP01a,upland,3,coleoptera = 3,14,2,7/10/2023,,,,,,High
UP01a,upland,4,areinada = 4,8,2,7/10/2023,,,,,,High
UP01a,upland,5,lepidoptera = 5,,2,7/10/2023,,,,,,High
UP01a,upland,6,dipteran,3,2,7/10/2023,,,,,,High
UP01a,upland,7,odonata = 7,,2,7/10/2023,,,,,,High
UP01a,upland,8,mantodea = 8,1,2,7/10/2023,,,,,,High
UP01a,upland,9,phasmotodea = 9,,2,7/10/2023,,,,,,High
UP01a,upland,10,hemiptera = 10,14,2,7/10/2023,,,,,,High
UP01a,upland,11,Archeria = 11,2,2,7/10/2023,,,,,,High
UP01a,upland,12,Oppliones = 12,,2,7/10/2023,,,,,,High
UP01a,upland,13,UnID = 13,2,2,7/10/2023,hd wierd looking fly thing that mimicked a wasp. lots of notes on inat,,,,,High
UP02,upland,1,hymenoptera = 1,5,1,,check that this is truely rep 1,,,,,
UP02,upland,2,orthoptera = 2,1,1,,check that this is truely rep 1,,,,,High
UP02,upland,3,coleoptera = 3,9,1,,check that this is truely rep 1,,,,,High
UP02,upland,4,areinada = 4,8,1,,check that this is truely rep 1,,,,,High
UP02,upland,5,lepidoptera = 5,1,1,,check that this is truely rep 1,,,,,High
UP02,upland,6,dipteran,10,1,,check that this is truely rep 1,,,,,High
UP02,upland,7,odonata = 7,,1,,check that this is truely rep 1,,,,,High
UP02,upland,8,mantodea = 8,,1,,check that this is truely rep 1,,,,,High
UP02,upland,9,phasmotodea = 9,3,1,,check that this is truely rep 1,,,,,High
UP02,upland,10,hemiptera = 10,6,1,,check that this is truely rep 1,,,,,High
UP02,upland,11,Archeria = 11,1,1,,check that this is truely rep 1,,,,,High
UP02,upland,12,Oppliones = 12,1,1,,check that this is truely rep 1,,,,,High
UP02,upland,13,UnID = 13,2,1,,check that this is truely rep 1,,,,,High
UP02,upland,1,hymenoptera = 1,2,2,7/10/2023,,UP02,0.65,2,,High
UP02,upland,2,orthoptera = 2,6,2,7/10/2023,,,,,,High
UP02,upland,3,coleoptera = 3,9,2,7/10/2023,,,,,,High
UP02,upland,4,areinada = 4,13,2,7/10/2023,,,,,,High
UP02,upland,5,lepidoptera = 5,,2,7/10/2023,,,,,,High
UP02,upland,6,dipteran,1,2,7/10/2023,,,,,,High
UP02,upland,7,odonata = 7,3,2,7/10/2023,,,,,,High
UP02,upland,8,mantodea = 8,1,2,7/10/2023,,,,,,High
UP02,upland,9,phasmotodea = 9,,2,7/10/2023,,,,,,High
UP02,upland,10,hemiptera = 10,12,2,7/10/2023,,,,,,High
UP02,upland,11,Archeria = 11,,2,7/10/2023,,,,,,High
UP02,upland,12,Oppliones = 12,2,2,7/10/2023,,,,,,High
UP02,upland,13,UnID = 13,5,2,7/10/2023,,,,,,High
up03,upland,1,hymenoptera = 1,1,1,5/31/2023,,,,,,Medium
up03,upland,2,orthoptera = 2,3,1,5/31/2023,,,,,,Medium
up03,upland,3,coleoptera = 3,3,1,5/31/2023,,,,,,Medium
up03,upland,4,areinada = 4,9,1,5/31/2023,,,,,,Medium
up03,upland,5,lepidoptera = 5,3,1,5/31/2023,,,,,,Medium
up03,upland,6,dipteran,8,1,5/31/2023,,,,,,Medium
up03,upland,7,odonata = 7,1,1,5/31/2023,,,,,,Medium
up03,upland,8,mantodea = 8,1,1,5/31/2023,,,,,,Medium
up03,upland,9,phasmotodea = 9,,1,5/31/2023,,,,,,Medium
up03,upland,10,hemiptera = 10,,1,5/31/2023,,,,,,Medium
up03,upland,11,Archeria = 11,,1,5/31/2023,,,,,,Medium
up03,upland,12,Oppliones = 12,2,1,5/31/2023,,,,,,Medium
up03,upland,13,UnID = 13,1,1,5/31/2023,,,,,,Medium
up03a,upland,1,hymenoptera = 1,,1,,Not listed,,,,,High
UP03a,upland,2,orthoptera = 2,,1,,Not listed/weighed,,,,,High
UP03a,upland,3,coleoptera = 3,,1,,Not listed,,,,,High
UP03a,upland,4,areinada = 4,,1,,Not listed,,,,,High
UP03a,upland,5,lepidoptera = 5,,1,,Not listed,,,,,High
UP03a,upland,6,dipteran,,1,,Not listed,,,,,High
UP03a,upland,7,odonata = 7,,1,,Not listed,,,,,High
UP03a,upland,8,mantodea = 8,,1,,Not listed,,,,,High
UP03a,upland,9,phasmotodea = 9,,1,,Not listed,,,,,High
UP03a,upland,10,hemiptera = 10,,1,,Not listed,,,,,High
UP03a,upland,11,Archeria = 11,,1,,Not listed,,,,,High
UP03a,upland,12,Oppliones = 12,,1,,Not listed,,,,,High
UP03a,upland,13,UnID = 13,,1,,Not listed,,,,,High
UP04,upland,1,hymenoptera = 1,10,1,5/25/2023,,,,,,low
UP04,upland,2,orthoptera = 2,2,1,5/25/2023,,,,,,low
UP04,upland,3,coleoptera = 3,11,1,5/25/2023,,,,,,low
UP04,upland,4,areinada = 4,14,1,5/25/2023,,,,,,low
UP04,upland,5,lepidoptera = 5,1,1,5/25/2023,,,,,,low
UP04,upland,6,dipteran,15,1,5/25/2023,,,,,,low
UP04,upland,7,odonata = 7,2,1,5/25/2023,,,,,,low
UP04,upland,8,mantodea = 8,2,1,5/25/2023,,,,,,low
UP04,upland,9,phasmotodea = 9,,1,5/25/2023,,,,,,low
UP04,upland,10,hemiptera = 10,,1,5/25/2023,,,,,,low
UP04,upland,11,Archeria = 11,,1,5/25/2023,,,,,,low
UP04,upland,12,Oppliones = 12,1,1,5/25/2023,,,,,,low
UP04,upland,13,UnID = 13,7,1,5/25/2023,,,,,,low
UP04,upland,1,hymenoptera = 1,1,2,6/16/2023,,UP04,0.4,2,,low
UP04,upland,2,orthoptera = 2,1,2,6/16/2023,,,,,,low
UP04,upland,3,coleoptera = 3,18,2,6/16/2023,,,,,,low
UP04,upland,4,areinada = 4,10,2,6/16/2023,,,,,,low
UP04,upland,5,lepidoptera = 5,,2,6/16/2023,,,,,,low
UP04,upland,6,dipteran,8,2,6/16/2023,,,,,,low
UP04,upland,7,odonata = 7,1,2,6/16/2023,,,,,,low
UP04,upland,8,mantodea = 8,,2,6/16/2023,,,,,,low
UP04,upland,9,phasmotodea = 9,,2,6/16/2023,,,,,,low
UP04,upland,10,hemiptera = 10,5,2,6/16/2023,,,,,,
UP04,upland,11,Archeria = 11,1,2,6/16/2023,,,,,,
UP04,upland,12,Oppliones = 12,1,2,6/16/2023,,,,,,
UP04,upland,13,UnID = 13,7,2,6/16/2023,,,,,,
UP05(a),upland,1,hymenoptera = 1,10,1,5/25/2023,Not weighed,,,,,Low
UP05(a),upland,2,orthoptera = 2,3,1,5/25/2023,,,,,,Low
UP05(a),upland,3,coleoptera = 3,3,1,5/25/2023,,,,,,Low
UP05(a),upland,4,areinada = 4,25,1,5/25/2023,,,,,,Low
UP05(a),upland,5,lepidoptera = 5,,1,5/25/2023,,,,,,Low
UP05(a),upland,6,dipteran,18,1,5/25/2023,,,,,,Low
UP05(a),upland,7,odonata = 7,,1,5/25/2023,,,,,,Low
UP05(a),upland,8,mantodea = 8,,1,5/25/2023,,,,,,Low
UP05(a),upland,9,phasmotodea = 9,,1,5/25/2023,,,,,,Low
UP05(a),upland,10,hemiptera = 10,,1,5/25/2023,,,,,,Low
UP05(a),upland,11,Archeria = 11,,1,5/25/2023,,,,,,Low
UP05(a),upland,12,Oppliones = 12,6,1,5/25/2023,,,,,,Low
UP05(a),upland,13,UnID = 13,9,1,5/25/2023,,,,,,Low
UP05(a),Upland,1,hymenoptera = 1,,,5/31/2023,"only two reps, id k why this is in here but noted as not lsited , not weighed",,,,,
UP05(a),upland,2,orthoptera = 2,,,5/31/2023,not listed,,,,,
UP05(a),upland,3,coleoptera = 3,,,5/31/2023,not listed,,,,,
UP05(a),upland,4,areinada = 4,,,5/31/2023,not listed,,,,,
UP05(a),upland,5,lepidoptera = 5,,,5/31/2023,not listed,,,,,
UP05(a),upland,6,dipteran,,,5/31/2023,not listed,,,,,
UP05(a),upland,7,odonata = 7,,,5/31/2023,not listed,,,,,
UP05(a),upland,8,mantodea = 8,,,5/31/2023,not listed,,,,,
UP05(a),upland,9,phasmotodea = 9,,,5/31/2023,not listed,,,,,
UP05(a),upland,10,hemiptera = 10,,,5/31/2023,not listed,,,,,
UP05(a),upland,11,Archeria = 11,,,5/31/2023,not listed,,,,,
UP05(a),upland,12,Oppliones = 12,,,5/31/2023,not listed,,,,,
UP05(a),upland,13,UnID = 13,,,5/31/2023,not listed,,,,,
UP05(a),upland,1,hymenoptera = 1,4,2,6/26/2023,,UP05(a),0.49,2,,low
UP05(a),upland,2,orthoptera = 2,3,2,6/26/2023,,,,,,low
UP05(a),upland,3,coleoptera = 3,9,2,6/26/2023,,,,,,low
UP05(a),upland,4,areinada = 4,18,2,6/26/2023,,,,,,low
UP05(a),upland,5,lepidoptera = 5,,2,6/26/2023,,,,,,low
UP05(a),upland,6,dipteran,9,2,6/26/2023,,,,,,low
UP05(a),upland,7,odonata = 7,,2,6/26/2023,,,,,,low
UP05(a),upland,8,mantodea = 8,1,2,6/26/2023,,,,,,low
UP05(a),upland,9,phasmotodea = 9,,2,6/26/2023,,,,,,low
UP05(a),upland,10,hemiptera = 10,6,2,6/26/2023,,,,,,low
UP05(a),upland,11,Archeria = 11,,2,6/26/2023,,,,,,low
UP05(a),upland,12,Oppliones = 12,1,2,6/26/2023,,,,,,low
UP05(a),upland,13,UnID = 13,1,2,6/26/2023,,,,,,low
UP7a,upland,1,hymenoptera = 1,,1,5/25/2023,Not listed,,,,,High
UP7a,upland,2,orthoptera = 2,,1,5/25/2023,Not listed,,,,,High
UP7a,upland,3,coleoptera = 3,,1,5/25/2023,Not listed,,,,,High
UP7a,upland,4,areinada = 4,,1,5/25/2023,Not listed,,,,,High
UP7a,upland,5,lepidoptera = 5,,1,5/25/2023,Not listed,,,,,High
UP7a,upland,6,dipteran,,1,5/25/2023,Not listed,,,,,High
UP7a,upland,7,odonata = 7,,1,5/25/2023,Not listed,,,,,High
UP7a,upland,8,mantodea = 8,,1,5/25/2023,Not listed,,,,,High
UP7a,upland,9,phasmotodea = 9,,1,5/25/2023,Not listed,,,,,High
UP7a,upland,10,hemiptera = 10,,1,5/25/2023,Not listed,,,,,High
UP7a,upland,11,Archeria = 11,,1,5/25/2023,Not listed,,,,,High
UP7a,upland,12,Oppliones = 12,,1,5/25/2023,Not listed,,,,,High
UP7a,upland,13,UnID = 13,,1,5/25/2023,Not listed,,,,,High
UP7a,upland,1,hymenoptera = 1,1,2,6/26/2023,,UP7a,0.37,2,,low
UP7a,upland,2,orthoptera = 2,8,2,6/26/2023,,,,,,low
UP7a,upland,3,coleoptera = 3,3,2,6/26/2023,,,,,,low
UP7a,upland,4,areinada = 4,8,2,6/26/2023,,,,,,low
UP7a,upland,5,lepidoptera = 5,,2,6/26/2023,,,,,,low
UP7a,upland,6,dipteran,5,2,6/26/2023,,,,,,low
UP7a,upland,7,odonata = 7,,2,6/26/2023,,,,,,low
UP7a,upland,8,mantodea = 8,2,2,6/26/2023,,,,,,low
UP7a,upland,9,phasmotodea = 9,,2,6/26/2023,,,,,,low
UP7a,upland,10,hemiptera = 10,9,2,6/26/2023,,,,,,low
UP7a,upland,11,Archeria = 11,,2,6/26/2023,,,,,,low
UP7a,upland,12,Oppliones = 12,1,2,6/26/2023,,,,,,low
UP7a,upland,13,UnID = 13,5,2,6/26/2023,,,,,,low
UP7a,upland,1,hymenoptera = 1,,3,7/9/2023,,,,,,
UP7a,upland,2,orthoptera = 2,,3,7/9/2023,,,,,,
UP7a,upland,3,coleoptera = 3,,3,7/9/2023,,,,,,
UP7a,upland,4,areinada = 4,,3,7/9/2023,,,,,,
UP7a,upland,5,lepidoptera = 5,,3,7/9/2023,,,,,,
UP7a,upland,6,dipteran,,3,7/9/2023,,,,,,
UP7a,upland,7,odonata = 7,,3,7/9/2023,,,,,,
UP7a,upland,8,mantodea = 8,,3,7/9/2023,,,,,,
UP7a,upland,9,phasmotodea = 9,,3,7/9/2023,,,,,,
UP7a,upland,10,hemiptera = 10,,3,7/9/2023,,,,,,
UP7a,upland,11,Archeria = 11,,3,7/9/2023,,,,,,
UP7a,upland,12,Oppliones = 12,,3,7/9/2023,,,,,,
UP7a,upland,13,UnID = 13,,3,7/9/2023,,,,,,
up13a,Upland,1,hymenoptera = 1,3,1,6/13/2023,,up13a,0.51,1,,High
up13a,Upland,2,orthoptera = 2,4,1,6/13/2023,,,,,,High
up13a,Upland,3,coleoptera = 3,6,1,6/13/2023,,,,,,High
up13a,Upland,4,areinada = 4,8,1,6/13/2023,,,,,,High
up13a,Upland,5,lepidoptera = 5,,1,6/13/2023,,,,,,High
up13a,Upland,6,dipteran,13,1,6/13/2023,,,,,,High
up13a,Upland,7,odonata = 7,,1,6/13/2023,,,,,,High
up13a,Upland,8,mantodea = 8,,1,6/13/2023,,,,,,High
up13a,Upland,9,phasmotodea = 9,,1,6/13/2023,,,,,,High
up13a,Upland,10,hemiptera = 10,7,1,6/13/2023,,,,,,High
up13a,Upland,11,Archeria = 11,,1,6/13/2023,,,,,,High
up13a,Upland,12,Oppliones = 12,3,1,6/13/2023,,,,,,High
up13a,Upland,13,UnID = 13,8,1,6/13/2023,,,,,,High
up13a,Upland,1,hymenoptera = 1,,2,6/22/2023,,up13a,0.92,2,,
up13a,Upland,2,orthoptera = 2,1,2,6/22/2023,,,,,,
up13a,Upland,3,coleoptera = 3,2,2,6/22/2023,,,,,,
up13a,Upland,4,areinada = 4,9,2,6/22/2023,,,,,,
up13a,Upland,5,lepidoptera = 5,,2,6/22/2023,,,,,,
up13a,Upland,6,dipteran,3,2,6/22/2023,,,,,,
up13a,Upland,7,odonata = 7,1,2,6/22/2023,,,,,,
up13a,Upland,8,mantodea = 8,,2,6/22/2023,,,,,,
up13a,Upland,9,phasmotodea = 9,,2,6/22/2023,,,,,,
up13a,Upland,10,hemiptera = 10,2,2,6/22/2023,,,,,,
up13a,Upland,11,Archeria = 11,,2,6/22/2023,,,,,,
up13a,Upland,12,Oppliones = 12,1,2,6/22/2023,,,,,,
up13a,Upland,13,UnID = 13,2,2,6/22/2023,,,,,,
UP17a,Upland,1,hymenoptera = 1,,,7/3/2023,,,,,,High
UP17a,Upland,2,orthoptera = 2,,,7/3/2023,,,,,,High
UP17a,Upland,3,coleoptera = 3,,,7/3/2023,,,,,,High
UP17a,Upland,4,areinada = 4,,,7/3/2023,,,,,,High
UP17a,Upland,5,lepidoptera = 5,,,7/3/2023,,,,,,High
UP17a,Upland,6,dipteran,,,7/3/2023,,,,,,High
UP17a,Upland,7,odonata = 7,,,7/3/2023,,,,,,High
UP17a,Upland,8,mantodea = 8,,,7/3/2023,,,,,,High
UP17a,Upland,9,phasmotodea = 9,,,7/3/2023,,,,,,High
UP17a,Upland,10,hemiptera = 10,,,7/3/2023,,,,,,High
UP17a,Upland,11,Archeria = 11,,,7/3/2023,,,,,,High
UP17a,Upland,12,Oppliones = 12,,,7/3/2023,,,,,,High
UP17a,Upland,13,UnID = 13,,,7/3/2023,,,,,,High
UP22a,Upland,1,hymenoptera = 1,,1,7/9/2023,,,,,,High
UP22a,Upland,2,orthoptera = 2,,1,7/9/2023,,,,,,High
UP22a,Upland,3,coleoptera = 3,,1,7/9/2023,,,,,,High
UP22a,Upland,4,areinada = 4,,1,7/9/2023,,,,,,High
UP22a,Upland,5,lepidoptera = 5,,1,7/9/2023,,,,,,High
UP22a,Upland,6,dipteran,,1,7/9/2023,,,,,,High
UP22a,Upland,7,odonata = 7,,1,7/9/2023,,,,,,High
UP22a,Upland,8,mantodea = 8,,1,7/9/2023,,,,,,High
UP22a,Upland,9,phasmotodea = 9,,1,7/9/2023,,,,,,High
UP22a,Upland,10,hemiptera = 10,,1,7/9/2023,,,,,,High
UP22a,Upland,11,Archeria = 11,,1,7/9/2023,,,,,,High
UP22a,Upland,12,Oppliones = 12,,1,7/9/2023,,,,,,High
UP22a,Upland,13,UnID = 13,,1,7/9/2023,,,,,,High
UP22a,Upland,1,hymenoptera = 1,1,2,7/10/2023,,UP22a,0.74,2,,
UP22a,Upland,2,orthoptera = 2,1,2,7/10/2023,,,,,,
UP22a,Upland,3,coleoptera = 3,14,2,7/10/2023,,,,,,
UP22a,Upland,4,areinada = 4,11,2,7/10/2023,,,,,,
UP22a,Upland,5,lepidoptera = 5,,2,7/10/2023,,,,,,
UP22a,Upland,6,dipteran,5,2,7/10/2023,,,,,,
UP22a,Upland,7,odonata = 7,2,2,7/10/2023,,,,,,
UP22a,Upland,8,mantodea = 8,,2,7/10/2023,,,,,,
UP22a,Upland,9,phasmotodea = 9,,2,7/10/2023,,,,,,
UP22a,Upland,10,hemiptera = 10,10,2,7/10/2023,,,,,,
UP22a,Upland,11,Archeria = 11,1,2,7/10/2023,,,,,,
UP22a,Upland,12,Oppliones = 12,3,2,7/10/2023,,,,,,
UP22a,Upland,13,UnID = 13,2,2,7/10/2023,,,,,,
UP30a,Upland,1,hymenoptera = 1,1,1,6/13/2023,,,,,,Medium
UP30a,Upland,2,orthoptera = 2,4,1,6/13/2023,,,,,,Medium
UP30a,Upland,3,coleoptera = 3,26,1,6/13/2023,,,,,,Medium
UP30a,Upland,4,areinada = 4,21,1,6/13/2023,,,,,,Medium
UP30a,Upland,5,lepidoptera = 5,1,1,6/13/2023,,,,,,Medium
UP30a,Upland,6,dipteran,9,1,6/13/2023,,,,,,Medium
UP30a,Upland,7,odonata = 7,,1,6/13/2023,,,,,,Medium
UP30a,Upland,8,mantodea = 8,,1,6/13/2023,,,,,,Medium
UP30a,Upland,9,phasmotodea = 9,,1,6/13/2023,,,,,,Medium
UP30a,Upland,10,hemiptera = 10,3,1,6/13/2023,,,,,,Medium
UP30a,Upland,11,Archeria = 11,2,1,6/13/2023,,,,,,Medium
UP30a,Upland,12,Oppliones = 12,1,1,6/13/2023,,,,,,Medium
UP30a,Upland,13,UnID = 13,6,1,6/13/2023,,,,,,Medium
UP31a,upland,1,hymenoptera = 1,,1,5/30/2023,Not listed,,,,,High
UP31a,upland,2,orthoptera = 2,,,5/30/2023,Not listed,,,,,High
UP31a,upland,3,coleoptera = 3,,,5/30/2023,Not listed,,,,,High
UP31a,upland,4,areinada = 4,,,5/30/2023,Not listed,,,,,High
UP31a,upland,5,lepidoptera = 5,,,5/30/2023,Not listed,,,,,High
UP31a,upland,6,dipteran,,,5/30/2023,Not listed,,,,,High
UP31a,upland,7,odonata = 7,,,5/30/2023,Not listed,,,,,High
UP31a,upland,8,mantodea = 8,,,5/30/2023,Not listed,,,,,High
UP31a,upland,9,phasmotodea = 9,,,5/30/2023,Not listed,,,,,High
UP31a,upland,10,hemiptera = 10,,,5/30/2023,Not listed,,,,,High
UP31a,upland,11,Archeria = 11,,,5/30/2023,Not listed,,,,,High
UP31a,upland,12,Oppliones = 12,,,5/30/2023,Not listed,,,,,High
UP31a,upland,13,UnID = 13,,,5/30/2023,Not listed,,,,,High
UP31a,upland,1,hymenoptera = 1,1,2,6/14/2023,,,,,,Medium
UP31a,upland,2,orthoptera = 2,1,2,6/14/2023,,,,,,Medium
UP31a,upland,3,coleoptera = 3,4,2,6/14/2023,,,,,,Medium
UP31a,upland,4,areinada = 4,4,2,6/14/2023,,,,,,Medium
UP31a,upland,5,lepidoptera = 5,1,2,6/14/2023,,,,,,Medium
UP31a,upland,6,dipteran = 6,3,2,6/14/2023,,,,,,Medium
UP31a,upland,7,odonata = 7,,2,6/14/2023,,,,,,Medium
UP31a,upland,8,mantodea = 8,,2,6/14/2023,,,,,,Medium
UP31a,upland,9,phasmotodea = 9,,2,6/14/2023,,,,,,Medium
UP31a,upland,10,hemiptera = 10,1,2,6/14/2023,,,,,,Medium
UP31a,upland,11,Archeria = 11,,2,6/14/2023,,,,,,Medium
UP31a,upland,12,Oppliones = 12,1,2,6/14/2023,,,,,,Medium
UP31a,upland,13,UnID = 13,2,2,6/14/2023,,,,,,Medium
UP31a,upland,1,hymenoptera = 1,2,3,6/26/2023,,UP31a,0.44,3,,
UP31a,upland,2,orthoptera = 2,10,3,6/26/2023,,,,,,
UP31a,upland,3,coleoptera = 3,5,3,6/26/2023,,,,,,
UP31a,upland,4,areinada = 4,10,3,6/26/2023,,,,,,
UP31a,upland,5,lepidoptera = 5,1,3,6/26/2023,,,,,,
UP31a,upland,6,dipteran = 6,7,3,6/26/2023,,,,,,
UP31a,upland,7,odonata = 7,,3,6/26/2023,,,,,,
UP31a,upland,8,mantodea = 8,,3,6/26/2023,,,,,,
UP31a,upland,9,phasmotodea = 9,,3,6/26/2023,,,,,,
UP31a,upland,10,hemiptera = 10,1,3,6/26/2023,,,,,,
UP31a,upland,11,Archeria = 11,,3,6/26/2023,,,,,,
UP31a,upland,12,Oppliones = 12,1,3,6/26/2023,,,,,,
UP31a,upland,13,UnID = 13,10,3,6/26/2023,,,,,,
UP33a,upland,1,hymenoptera = 1,4,2,6/14/2023,"believed to be rep 2, not weighed",,,,,Medium
UP33a,upland,2,orthoptera = 2,5,2,6/14/2023,,,,,,Medium
UP33a,upland,3,coleoptera = 3,6,2,6/14/2023,,,,,,Medium
UP33a,upland,4,areinada = 4,11,2,6/14/2023,,,,,,Medium
UP33a,upland,5,lepidoptera = 5,,2,6/14/2023,,,,,,Medium
UP33a,upland,6,dipteran,,2,6/14/2023,,,,,,Medium
UP33a,upland,7,odonata = 7,1,2,6/14/2023,,,,,,Medium
UP33a,upland,8,mantodea = 8,,2,6/14/2023,,,,,,Medium
UP33a,upland,9,phasmotodea = 9,,2,6/14/2023,,,,,,Medium
UP33a,upland,10,hemiptera = 10,1,2,6/14/2023,,,,,,Medium
UP33a,upland,11,Archeria = 11,,2,6/14/2023,,,,,,Medium
UP33a,upland,12,Oppliones = 12,3,2,6/14/2023,,,,,,Medium
UP33a,upland,13,UnID = 13,3,2,6/14/2023,,,,,,Medium
UP34r,upland,1,hymenoptera = 1,2,1,6/13/2023,,UP34r,1.05,1,,Medium
UP34r,upland,2,orthoptera = 2,3,1,6/13/2023,,,,,,Medium
UP34r,upland,3,coleoptera = 3,24,1,6/13/2023,,,,,,Medium
UP34r,upland,4,areinada = 4,16,1,6/13/2023,,,,,,Medium
UP34r,upland,5,lepidoptera = 5,5,1,6/13/2023,,,,,,Medium
UP34r,upland,6,dipteran,1,1,6/13/2023,,,,,,Medium
UP34r,upland,7,odonata = 7,,1,6/13/2023,,,,,,Medium
UP34r,upland,8,mantodea = 8,,1,6/13/2023,,,,,,Medium
UP34r,upland,9,phasmotodea = 9,,1,6/13/2023,,,,,,Medium
UP34r,upland,10,hemiptera = 10,7,1,6/13/2023,,,,,,Medium
UP34r,upland,11,Archeria = 11,1,1,6/13/2023,,,,,,Medium
UP34r,upland,12,Oppliones = 12,,1,6/13/2023,,,,,,Medium
UP34r,upland,13,UnID = 13,5,1,6/13/2023,,,,,,Medium
UP43a,upland,1,hymenoptera = 1,,1,,,,,,,Medium
up43a,upland,2,orthoptera = 2,1,1,,,,,,,Medium
up43a,upland,3,coleoptera = 3,1,1,,,,,,,Medium
up43a,upland,4,areinada = 4,3,1,,,,,,,Medium
up43a,upland,5,lepidoptera = 5,6,1,,,,,,,Medium
up43a,upland,6,dipteran,,1,,,,,,,Medium
up43a,upland,7,odonata = 7,25,1,,,,,,,Medium
up43a,upland,8,mantodea = 8,,1,,,,,,,Medium
up43a,upland,9,phasmotodea = 9,1,1,,,,,,,Medium
up43a,upland,10,hemiptera = 10,,1,,,,,,,Medium
up43a,upland,11,Archeria = 11,,1,,,,,,,Medium
up43a,upland,12,Oppliones = 12,,1,,,,,,,Medium
up43a,upland,13,UnID = 13,2,1,,,,,,,Medium
UP45a,upland,1,hymenoptera = 1,4,1,6/14/2023,,UP45a,0.29,1,,low
UP45a,upland,2,orthoptera = 2,3,1,6/14/2023,,,,,,
UP45a,upland,3,coleoptera = 3,6,1,6/14/2023,,,,,,
UP45a,upland,4,areinada = 4,5,1,6/14/2023,,,,,,
UP45a,upland,5,lepidoptera = 5,1,1,6/14/2023,,,,,,
UP45a,upland,6,dipteran,17,1,6/14/2023,,,,,,
UP45a,upland,7,odonata = 7,,1,6/14/2023,,,,,,
UP45a,upland,8,mantodea = 8,,1,6/14/2023,,,,,,
UP45a,upland,9,phasmotodea = 9,,1,6/14/2023,,,,,,
UP45a,upland,10,hemiptera = 10,8,1,6/14/2023,,,,,,
UP45a,upland,11,Archeria = 11,1,1,6/14/2023,,,,,,
UP45a,upland,12,Oppliones = 12,,1,6/14/2023,,,,,,
UP45a,upland,13,UnID = 13,5,1,6/14/2023,,,,,,
UP45a,upland,1,hymenoptera = 1,1,2,7/4/2023,,,,,,High
UP45a,upland,2,orthoptera = 2,4,2,7/4/2023,,,,,,High
UP45a,upland,3,coleoptera = 3,20,2,7/4/2023,,,,,,High
UP45a,upland,4,areinada = 4,8,2,7/4/2023,,,,,,High
UP45a,upland,5,lepidoptera = 5,,2,7/4/2023,,,,,,High
UP45a,upland,6,dipteran,3,2,7/4/2023,,,,,,High
UP45a,upland,7,odonata = 7,,2,7/4/2023,,,,,,High
UP45a,upland,8,mantodea = 8,1,2,7/4/2023,,,,,,High
UP45a,upland,9,phasmotodea = 9,,2,7/4/2023,,,,,,High
UP45a,upland,10,hemiptera = 10,14,2,7/4/2023,,,,,,High
UP45a,upland,11,Archeria = 11,1,2,7/4/2023,,,,,,High
UP45a,upland,12,Oppliones = 12,,2,7/4/2023,,,,,,High
UP45a,upland,13,UnID = 13,,2,7/4/2023,,,,,,High
up46a,upland,1,hymenoptera = 1,,1,6/1/2023,Not listed,,,,,High
UP46a,upland,2,orthoptera = 2,,1,6/1/2023,Not listed,,,,,High
UP46a,upland,3,coleoptera = 3,,1,6/1/2023,Not listed,,,,,High
UP46a,upland,4,areinada = 4,,1,6/1/2023,Not listed,,,,,High
UP46a,upland,5,lepidoptera = 5,,1,6/1/2023,Not listed,,,,,High
UP46a,upland,6,dipteran,,1,6/1/2023,Not listed,,,,,High
UP46a,upland,7,odonata = 7,,1,6/1/2023,Not listed,,,,,High
UP46a,upland,8,mantodea = 8,,1,6/1/2023,Not listed,,,,,High
UP46a,upland,9,phasmotodea = 9,,1,6/1/2023,Not listed,,,,,High
UP46a,upland,10,hemiptera = 10,,1,6/1/2023,Not listed,,,,,High
UP46a,upland,11,Archeria = 11,,1,6/1/2023,Not listed,,,,,High
UP46a,upland,12,Oppliones = 12,,1,6/1/2023,Not listed,,,,,High
UP46a,upland,13,UnID = 13,,1,6/1/2023,Not listed,,,,,High
UP46a,upland,1,hymenoptera = 1,1,2,6/14/2023,,UP46a,0.32,2,,
UP46a,upland,2,orthoptera = 2,2,2,6/14/2023,,,,,,
UP46a,upland,3,coleoptera = 3,16,2,6/14/2023,,,,,,
UP46a,upland,4,areinada = 4,11,2,6/14/2023,,,,,,
UP46a,upland,5,lepidoptera = 5,,2,6/14/2023,,,,,,
UP46a,upland,6,dipteran,10,2,6/14/2023,,,,,,
UP46a,upland,7,odonata = 7,,2,6/14/2023,,,,,,
UP46a,upland,8,mantodea = 8,,2,6/14/2023,,,,,,
UP46a,upland,9,phasmotodea = 9,,2,6/14/2023,,,,,,
UP46a,upland,10,hemiptera = 10,9,2,6/14/2023,,,,,,
UP46a,upland,11,Archeria = 11,,2,6/14/2023,,,,,,
UP46a,upland,12,Oppliones = 12,,2,6/14/2023,,,,,,
UP46a,upland,13,UnID = 13,3,2,6/14/2023,,,,,,
UP48a,upland,1,hymenoptera = 1,,1,5/31/2023,,,,,,low
up48a,upland,2,orthoptera = 2,,1,5/31/2023,,,,,,low
up48a,upland,3,coleoptera = 3,,1,5/31/2023,,,,,,low
up48a,upland,4,areinada = 4,,1,5/31/2023,,,,,,low
up48a,upland,5,lepidoptera = 5,,1,5/31/2023,,,,,,low
up48a,upland,6,dipteran,,1,5/31/2023,,,,,,low
up48a,upland,7,odonata = 7,,1,5/31/2023,,,,,,low
up48a,upland,8,mantodea = 8,,1,5/31/2023,,,,,,low
up48a,upland,9,phasmotodea = 9,,1,5/31/2023,,,,,,low
up48a,upland,10,hemiptera = 10,,1,5/31/2023,,,,,,low
up48a,upland,11,Archeria = 11,,1,5/31/2023,,,,,,low
up48a,upland,12,Oppliones = 12,,1,5/31/2023,,,,,,low
up48a,upland,13,UnID = 13,,1,5/31/2023,,,,,,low
up48a,upland,1,hymenoptera = 1,20,2,6/16/2023,,,,,,low
up48a,upland,2,orthoptera = 2,4,2,6/16/2023,,,,,,low
up48a,upland,3,coleoptera = 3,9,2,6/16/2023,,,,,,low
up48a,upland,4,areinada = 4,18,2,6/16/2023,,,,,,low
up48a,upland,5,lepidoptera = 5,1,2,6/16/2023,,,,,,low
up48a,upland,6,dipteran,37,2,6/16/2023,,,,,,low
up48a,upland,7,odonata = 7,2,2,6/16/2023,,,,,,low
up48a,upland,8,mantodea = 8,,2,6/16/2023,,,,,,low
up48a,upland,9,phasmotodea = 9,,2,6/16/2023,,,,,,low
up48a,upland,10,hemiptera = 10,6,2,6/16/2023,,,,,,low
up48a,upland,11,Archeria = 11,1,2,6/16/2023,,,,,,low
up48a,upland,12,Oppliones = 12,,2,6/16/2023,,,,,,low
up48a,upland,13,UnID = 13,19,2,6/16/2023,,,,,,low
up50a,upland,1,hymenoptera = 1,,1,5/31/2023,,,,,,High
UP50a,upland,2,orthoptera = 2,,1,5/31/2023,,,,,,High
UP50a,upland,3,coleoptera = 3,,1,5/31/2023,,,,,,High
UP50a,upland,4,areinada = 4,,1,5/31/2023,,,,,,High
UP50a,upland,5,lepidoptera = 5,,1,5/31/2023,,,,,,High
UP50a,upland,6,dipteran,,1,5/31/2023,,,,,,High
UP50a,upland,7,odonata = 7,,1,5/31/2023,,,,,,High
UP50a,upland,8,mantodea = 8,,1,5/31/2023,,,,,,High
UP50a,upland,9,phasmotodea = 9,,1,5/31/2023,,,,,,High
UP50a,upland,10,hemiptera = 10,,1,5/31/2023,,,,,,High
UP50a,upland,11,Archeria = 11,,1,5/31/2023,,,,,,High
UP50a,upland,12,Oppliones = 12,,1,5/31/2023,,,,,,High
UP50a,upland,13,UnID = 13,,1,5/31/2023,,,,,,High
UP50a,,,,,,,,,,,,
